i,Angle(rad),Angle(hex),Speed(rpm),Speed(hex),Current(A),Current(hex),Target(rad),Target(hex)
0,1.569957,0x3fc8f45e,0,0x0,0.0049,0x3ba00140,1.57,0x3fc8f5c3
1,1.569957,0x3fc8f45e,-0.031,0xbcfa01f4,0.0305,0x3cfa01f4,1.57,0x3fc8f5c3
2,1.569574,0x3fc8e7cd,1.099,0x3f8ca119,0.0168,0x3c898113,1.57,0x3fc8f5c3
3,1.570149,0x3fc8faa6,0,0x0,0.0073,0x3bf001e0,1.57,0x3fc8f5c3
4,1.569766,0x3fc8ee15,0,0x0,0.0146,0x3c7001e0,1.57,0x3fc8f5c3
5,1.569766,0x3fc8ee15,0,0x0,0.0003,0x39a00140,1.57,0x3fc8f5c3
6,1.570149,0x3fc8faa6,0,0x0,0.0238,0x3cc30186,1.57,0x3fc8f5c3
7,1.569574,0x3fc8e7cd,0,0x0,0.0208,0x3caa0154,1.57,0x3fc8f5c3
8,1.570149,0x3fc8faa6,0,0x0,0.0082,0x3c07010e,1.57,0x3fc8f5c3
9,1.569766,0x3fc8ee15,0,0x0,0.0137,0x3c6101c2,1.57,0x3fc8f5c3
10,1.569766,0x3fc8ee15,0,0x0,0.0168,0x3c898113,1.57,0x3fc8f5c3
11,1.570149,0x3fc8faa6,0,0x0,0.0073,0x3bf001e0,1.57,0x3fc8f5c3
12,1.569574,0x3fc8e7cd,0,0x0,0.0198,0x3ca28145,1.57,0x3fc8f5c3
13,1.570149,0x3fc8faa6,0,0x0,0.0085,0x3c0c0118,1.57,0x3fc8f5c3
14,1.569766,0x3fc8ee15,0,0x0,0.0143,0x3c6b01d6,1.57,0x3fc8f5c3
15,1.569766,0x3fc8ee15,0,0x0,0.0165,0x3c87010e,1.57,0x3fc8f5c3
16,1.570149,0x3fc8faa6,0,0x0,0.0076,0x3bfa01f4,1.57,0x3fc8f5c3
17,1.569574,0x3fc8e7cd,0,0x0,0.0201,0x3ca5014a,1.57,0x3fc8f5c3
18,1.570149,0x3fc8faa6,0,0x0,0.0089,0x3c110122,1.57,0x3fc8f5c3
19,1.569766,0x3fc8ee15,0,0x0,0.0146,0x3c7001e0,1.57,0x3fc8f5c3
20,1.569766,0x3fc8ee15,0,0x0,0.0168,0x3c898113,1.57,0x3fc8f5c3
21,1.570149,0x3fc8faa6,0,0x0,0.0076,0x3bfa01f4,1.57,0x3fc8f5c3
22,1.569574,0x3fc8e7cd,0,0x0,0.0198,0x3ca28145,1.57,0x3fc8f5c3
23,1.570149,0x3fc8faa6,0,0x0,0.0095,0x3c1b0136,1.57,0x3fc8f5c3
24,1.569766,0x3fc8ee15,0.031,0x3cfa01f4,0.0146,0x3c7001e0,1.57,0x3fc8f5c3
25,1.569766,0x3fc8ee15,0,0x0,0.0162,0x3c848109,1.57,0x3fc8f5c3
26,1.570149,0x3fc8faa6,0,0x0,0.0085,0x3c0c0118,1.57,0x3fc8f5c3
27,1.569574,0x3fc8e7cd,0,0x0,0.0192,0x3c9d813b,1.57,0x3fc8f5c3
28,1.570149,0x3fc8faa6,0,0x0,0.0101,0x3c25014a,1.57,0x3fc8f5c3
29,1.569957,0x3fc8f45e,-0.977,0xbf7a01f4,0.0137,0x3c6101c2,1.57,0x3fc8f5c3
30,1.569766,0x3fc8ee15,0,0x0,0.0159,0x3c820104,1.57,0x3fc8f5c3
31,1.570149,0x3fc8faa6,0,0x0,0.0085,0x3c0c0118,1.57,0x3fc8f5c3
32,1.569766,0x3fc8ee15,0,0x0,0.0192,0x3c9d813b,1.57,0x3fc8f5c3
33,1.569957,0x3fc8f45e,1.404,0x3fb3b167,0.0104,0x3c2a0154,1.57,0x3fc8f5c3
34,1.570149,0x3fc8faa6,-1.16,0xbf947129,0.011,0x3c340168,1.57,0x3fc8f5c3
35,1.569766,0x3fc8ee15,0,0x0,0.0162,0x3c848109,1.57,0x3fc8f5c3
36,1.570149,0x3fc8faa6,0,0x0,0.0089,0x3c110122,1.57,0x3fc8f5c3
37,1.569766,0x3fc8ee15,-0.183,0xbe3b8177,0.018,0x3c938127,1.57,0x3fc8f5c3
38,1.569957,0x3fc8f45e,0.702,0x3f33b167,0.0104,0x3c2a0154,1.57,0x3fc8f5c3
39,1.569957,0x3fc8f45e,0,0x0,0.0116,0x3c3e017c,1.57,0x3fc8f5c3
40,1.569766,0x3fc8ee15,0,0x0,0.0159,0x3c820104,1.57,0x3fc8f5c3
41,1.570149,0x3fc8faa6,0,0x0,0.0089,0x3c110122,1.57,0x3fc8f5c3
42,1.569766,0x3fc8ee15,0,0x0,0.0183,0x3c96012c,1.57,0x3fc8f5c3
43,1.569957,0x3fc8f45e,-0.031,0xbcfa01f4,0.0037,0x3b7001e0,1.57,0x3fc8f5c3
44,1.570149,0x3fc8faa6,0,0x0,0.0107,0x3c2f015e,1.57,0x3fc8f5c3
45,1.569766,0x3fc8ee15,0,0x0,0.0156,0x3c7f01fe,1.57,0x3fc8f5c3
46,1.569957,0x3fc8f45e,0.031,0x3cfa01f4,0.0092,0x3c16012c,1.57,0x3fc8f5c3
47,1.569766,0x3fc8ee15,0,0x0,0.0137,0x3c6101c2,1.57,0x3fc8f5c3
48,1.569766,0x3fc8ee15,0.214,0x3e5ac1b6,0.0156,0x3c7f01fe,1.57,0x3fc8f5c3
49,1.570149,0x3fc8faa6,0,0x0,0.007,0x3be601cc,1.57,0x3fc8f5c3
50,1.569766,0x3fc8ee15,0,0x0,0.015,0x3c7501ea,1.57,0x3fc8f5c3
51,1.569957,0x3fc8f45e,0,0x0,-0.0061,0xbbc80190,1.57,0x3fc8f5c3
52,1.569957,0x3fc8f45e,-0.061,0xbd7a01f4,0.0134,0x3c5c01b8,1.57,0x3fc8f5c3
53,1.569766,0x3fc8ee15,0.092,0x3dbb8177,0.0037,0x3b7001e0,1.57,0x3fc8f5c3
54,1.570149,0x3fc8faa6,0,0x0,0.0067,0x3bdc01b8,1.57,0x3fc8f5c3
55,1.569766,0x3fc8ee15,0,0x0,0.0153,0x3c7a01f4,1.57,0x3fc8f5c3
56,1.569766,0x3fc8ee15,0.183,0x3e3b8177,0.014,0x3c6601cc,1.57,0x3fc8f5c3
57,1.570149,0x3fc8faa6,-0.519,0xbf04d10a,0.0119,0x3c430186,1.57,0x3fc8f5c3
58,1.569574,0x3fc8e7cd,0,0x0,0.0211,0x3cac8159,1.57,0x3fc8f5c3
59,1.570149,0x3fc8faa6,0,0x0,0.0079,0x3c020104,1.57,0x3fc8f5c3
60,1.569766,0x3fc8ee15,0,0x0,0.015,0x3c7501ea,1.57,0x3fc8f5c3
61,1.569766,0x3fc8ee15,0,0x0,0.0162,0x3c848109,1.57,0x3fc8f5c3
62,1.570149,0x3fc8faa6,0,0x0,0.007,0x3be601cc,1.57,0x3fc8f5c3
63,1.569574,0x3fc8e7cd,0,0x0,0.0201,0x3ca5014a,1.57,0x3fc8f5c3
64,1.570149,0x3fc8faa6,0,0x0,0.0082,0x3c07010e,1.57,0x3fc8f5c3
65,1.569766,0x3fc8ee15,0,0x0,0.0153,0x3c7a01f4,1.57,0x3fc8f5c3
66,1.569766,0x3fc8ee15,0,0x0,0.0162,0x3c848109,1.57,0x3fc8f5c3
67,1.570149,0x3fc8faa6,0,0x0,0.0076,0x3bfa01f4,1.57,0x3fc8f5c3
68,1.569574,0x3fc8e7cd,0,0x0,0.0195,0x3ca00140,1.57,0x3fc8f5c3
69,1.570149,0x3fc8faa6,0,0x0,0.0092,0x3c16012c,1.57,0x3fc8f5c3
70,1.569957,0x3fc8f45e,-0.641,0xbf241148,0.0137,0x3c6101c2,1.57,0x3fc8f5c3
71,1.569766,0x3fc8ee15,0,0x0,0.0165,0x3c87010e,1.57,0x3fc8f5c3
72,1.570149,0x3fc8faa6,0,0x0,0.0082,0x3c07010e,1.57,0x3fc8f5c3
73,1.569574,0x3fc8e7cd,0,0x0,0.0189,0x3c9b0136,1.57,0x3fc8f5c3
74,1.570149,0x3fc8faa6,-0.061,0xbd7a01f4,0.0098,0x3c200140,1.57,0x3fc8f5c3
75,1.570149,0x3fc8faa6,0.061,0x3d7a01f4,0.0162,0x3c848109,1.57,0x3fc8f5c3
76,1.569766,0x3fc8ee15,0,0x0,0.0159,0x3c820104,1.57,0x3fc8f5c3
77,1.570149,0x3fc8faa6,0,0x0,0.0085,0x3c0c0118,1.57,0x3fc8f5c3
78,1.569766,0x3fc8ee15,-1.404,0xbfb3b167,0.0192,0x3c9d813b,1.57,0x3fc8f5c3
79,1.569957,0x3fc8f45e,0.977,0x3f7a01f4,0.011,0x3c340168,1.57,0x3fc8f5c3
80,1.570149,0x3fc8faa6,-0.061,0xbd7a01f4,0.0107,0x3c2f015e,1.57,0x3fc8f5c3
81,1.569766,0x3fc8ee15,0,0x0,0.0156,0x3c7f01fe,1.57,0x3fc8f5c3
82,1.570149,0x3fc8faa6,0,0x0,0.0092,0x3c16012c,1.57,0x3fc8f5c3
83,1.569766,0x3fc8ee15,0,0x0,0.0354,0x3d110122,1.57,0x3fc8f5c3
84,1.569766,0x3fc8ee15,-0.031,0xbcfa01f4,0.0027,0x3b340168,1.57,0x3fc8f5c3
85,1.570149,0x3fc8faa6,0,0x0,0.0064,0x3bd201a4,1.57,0x3fc8f5c3
86,1.569766,0x3fc8ee15,0,0x0,0.0153,0x3c7a01f4,1.57,0x3fc8f5c3
87,1.569957,0x3fc8f45e,0,0x0,-0.0073,0xbbf001e0,1.57,0x3fc8f5c3
88,1.569766,0x3fc8ee15,-0.092,0xbdbb8177,0.014,0x3c6601cc,1.57,0x3fc8f5c3
89,1.569766,0x3fc8ee15,-0.031,0xbcfa01f4,0.015,0x3c7501ea,1.57,0x3fc8f5c3
90,1.570149,0x3fc8faa6,0,0x0,0.007,0x3be601cc,1.57,0x3fc8f5c3
91,1.569766,0x3fc8ee15,0,0x0,0.0153,0x3c7a01f4,1.57,0x3fc8f5c3
92,1.569957,0x3fc8f45e,-0.031,0xbcfa01f4,0.014,0x3c6601cc,1.57,0x3fc8f5c3
93,1.570149,0x3fc8faa6,-0.58,0xbf147129,0.0186,0x3c988131,1.57,0x3fc8f5c3
94,1.569574,0x3fc8e7cd,0,0x0,0.0082,0x3c07010e,1.57,0x3fc8f5c3
95,1.570149,0x3fc8faa6,0,0x0,0.0076,0x3bfa01f4,1.57,0x3fc8f5c3
96,1.569766,0x3fc8ee15,0,0x0,0.0146,0x3c7001e0,1.57,0x3fc8f5c3
97,1.569766,0x3fc8ee15,0,0x0,0.0171,0x3c8c0118,1.57,0x3fc8f5c3
98,1.570149,0x3fc8faa6,0,0x0,0.0061,0x3bc80190,1.57,0x3fc8f5c3
99,1.569574,0x3fc8e7cd,0,0x0,0.0208,0x3caa0154,1.57,0x3fc8f5c3
