time_s,target_rad_s,now_rad_s,output_A,speed_rpm
0.000000000000000000e+00,2.000000000000000000e+00,5.000000000000000104e-03,1.390000000000000124e-01,0.000000000000000000e+00
1.000000000000000056e-01,2.000000000000000000e+00,1.834999999999999964e+00,3.300000000000000155e-02,1.499999999999999944e-02
2.000000000000000111e-01,2.000000000000000000e+00,1.860999999999999988e+00,3.300000000000000155e-02,1.600000000000000033e-02
3.000000000000000444e-01,2.000000000000000000e+00,2.031000000000000139e+00,2.400000000000000050e-02,1.899999999999999953e-02
4.000000000000000222e-01,2.000000000000000000e+00,2.067000000000000171e+00,2.199999999999999872e-02,1.799999999999999864e-02
5.000000000000000000e-01,2.000000000000000000e+00,1.911000000000000032e+00,3.200000000000000067e-02,1.600000000000000033e-02
6.000000000000000888e-01,2.000000000000000000e+00,1.945999999999999952e+00,2.900000000000000147e-02,1.700000000000000122e-02
7.000000000000000666e-01,2.000000000000000000e+00,2.109999999999999876e+00,1.799999999999999864e-02,2.000000000000000042e-02
8.000000000000000444e-01,2.000000000000000000e+00,2.080000000000000071e+00,2.100000000000000130e-02,2.000000000000000042e-02
9.000000000000000222e-01,2.000000000000000000e+00,1.937000000000000055e+00,2.999999999999999889e-02,1.799999999999999864e-02
1.000000000000000000e+00,2.000000000000000000e+00,1.850999999999999979e+00,3.699999999999999817e-02,1.799999999999999864e-02
1.100000000000000089e+00,2.000000000000000000e+00,1.937999999999999945e+00,3.300000000000000155e-02,1.899999999999999953e-02
1.200000000000000178e+00,2.000000000000000000e+00,2.044999999999999929e+00,2.900000000000000147e-02,1.899999999999999953e-02
1.300000000000000044e+00,2.000000000000000000e+00,1.927999999999999936e+00,3.599999999999999728e-02,1.700000000000000122e-02
1.400000000000000133e+00,2.000000000000000000e+00,1.975999999999999979e+00,2.999999999999999889e-02,1.899999999999999953e-02
1.500000000000000000e+00,2.000000000000000000e+00,2.083000000000000185e+00,2.199999999999999872e-02,2.100000000000000130e-02
1.600000000000000089e+00,2.000000000000000000e+00,2.120000000000000107e+00,1.899999999999999953e-02,2.100000000000000130e-02
1.700000000000000178e+00,2.000000000000000000e+00,2.007000000000000117e+00,2.699999999999999969e-02,1.899999999999999953e-02
1.800000000000000044e+00,2.000000000000000000e+00,1.947000000000000064e+00,2.999999999999999889e-02,1.799999999999999864e-02
1.900000000000000133e+00,2.000000000000000000e+00,1.997000000000000108e+00,2.699999999999999969e-02,2.000000000000000042e-02
2.000000000000000000e+00,2.000000000000000000e+00,2.051000000000000156e+00,2.400000000000000050e-02,1.899999999999999953e-02
2.100000000000000089e+00,2.000000000000000000e+00,1.963000000000000078e+00,2.999999999999999889e-02,1.799999999999999864e-02
2.200000000000000178e+00,2.000000000000000000e+00,1.907000000000000028e+00,3.300000000000000155e-02,1.799999999999999864e-02
2.300000000000000266e+00,2.000000000000000000e+00,2.007000000000000117e+00,2.699999999999999969e-02,2.000000000000000042e-02
2.400000000000000355e+00,2.000000000000000000e+00,2.083000000000000185e+00,2.199999999999999872e-02,1.899999999999999953e-02
2.500000000000000000e+00,2.000000000000000000e+00,2.037999999999999812e+00,2.599999999999999881e-02,1.799999999999999864e-02
2.600000000000000089e+00,2.000000000000000000e+00,1.897000000000000020e+00,3.400000000000000244e-02,1.700000000000000122e-02
2.700000000000000178e+00,2.000000000000000000e+00,1.991000000000000103e+00,2.699999999999999969e-02,1.700000000000000122e-02
2.800000000000000266e+00,2.000000000000000000e+00,1.981000000000000094e+00,2.900000000000000147e-02,1.600000000000000033e-02
2.900000000000000355e+00,2.000000000000000000e+00,1.963999999999999968e+00,3.200000000000000067e-02,1.600000000000000033e-02
3.000000000000000000e+00,2.000000000000000000e+00,1.909000000000000030e+00,3.599999999999999728e-02,1.600000000000000033e-02
3.100000000000000089e+00,2.000000000000000000e+00,1.981999999999999984e+00,2.900000000000000147e-02,1.899999999999999953e-02
3.200000000000000178e+00,2.000000000000000000e+00,2.087000000000000188e+00,2.299999999999999961e-02,1.799999999999999864e-02
3.300000000000000266e+00,2.000000000000000000e+00,2.036999999999999922e+00,2.800000000000000058e-02,1.700000000000000122e-02
3.400000000000000355e+00,2.000000000000000000e+00,1.889000000000000012e+00,3.699999999999999817e-02,1.600000000000000033e-02
3.500000000000000000e+00,2.000000000000000000e+00,2.015000000000000124e+00,2.900000000000000147e-02,2.000000000000000042e-02
3.600000000000000089e+00,2.000000000000000000e+00,2.068999999999999950e+00,2.500000000000000139e-02,1.799999999999999864e-02
3.700000000000000178e+00,2.000000000000000000e+00,2.041999999999999815e+00,2.599999999999999881e-02,1.700000000000000122e-02
3.800000000000000266e+00,2.000000000000000000e+00,1.955000000000000071e+00,2.999999999999999889e-02,1.799999999999999864e-02
3.900000000000000355e+00,2.000000000000000000e+00,1.979000000000000092e+00,2.599999999999999881e-02,1.899999999999999953e-02
4.000000000000000000e+00,2.000000000000000000e+00,2.040000000000000036e+00,2.199999999999999872e-02,1.899999999999999953e-02
4.100000000000000533e+00,2.000000000000000000e+00,2.096000000000000085e+00,1.799999999999999864e-02,2.000000000000000042e-02
4.200000000000000178e+00,2.000000000000000000e+00,1.850000000000000089e+00,3.599999999999999728e-02,1.700000000000000122e-02
4.299999999999999822e+00,2.000000000000000000e+00,1.899999999999999911e+00,3.400000000000000244e-02,1.899999999999999953e-02
4.400000000000000355e+00,2.000000000000000000e+00,2.084000000000000075e+00,2.400000000000000050e-02,1.899999999999999953e-02
4.500000000000000000e+00,2.000000000000000000e+00,2.117999999999999883e+00,2.100000000000000130e-02,1.899999999999999953e-02
4.600000000000000533e+00,2.000000000000000000e+00,1.963000000000000078e+00,2.900000000000000147e-02,1.899999999999999953e-02
4.700000000000000178e+00,2.000000000000000000e+00,1.941000000000000059e+00,2.900000000000000147e-02,1.899999999999999953e-02
4.800000000000000711e+00,2.000000000000000000e+00,2.004000000000000004e+00,2.599999999999999881e-02,1.899999999999999953e-02
4.900000000000000355e+00,2.000000000000000000e+00,2.072000000000000064e+00,2.199999999999999872e-02,1.899999999999999953e-02
5.000000000000000000e+00,2.000000000000000000e+00,2.015000000000000124e+00,2.699999999999999969e-02,2.100000000000000130e-02
5.100000000000000533e+00,2.000000000000000000e+00,1.907999999999999918e+00,3.300000000000000155e-02,1.799999999999999864e-02
5.200000000000000178e+00,2.000000000000000000e+00,2.027000000000000135e+00,2.500000000000000139e-02,1.799999999999999864e-02
5.300000000000000711e+00,2.000000000000000000e+00,2.053999999999999826e+00,2.400000000000000050e-02,1.899999999999999953e-02
5.400000000000000355e+00,2.000000000000000000e+00,1.961999999999999966e+00,2.999999999999999889e-02,1.899999999999999953e-02
5.500000000000000000e+00,2.000000000000000000e+00,1.911999999999999922e+00,3.300000000000000155e-02,1.799999999999999864e-02
5.600000000000000533e+00,2.000000000000000000e+00,1.981999999999999984e+00,2.800000000000000058e-02,1.799999999999999864e-02
5.700000000000000178e+00,2.000000000000000000e+00,2.057999999999999829e+00,2.400000000000000050e-02,1.799999999999999864e-02
5.800000000000000711e+00,2.000000000000000000e+00,2.019000000000000128e+00,2.800000000000000058e-02,1.899999999999999953e-02
5.900000000000000355e+00,2.000000000000000000e+00,1.947999999999999954e+00,3.099999999999999978e-02,1.899999999999999953e-02
6.000000000000000000e+00,-2.000000000000000000e+00,1.991000000000000103e+00,-2.520000000000000018e-01,1.700000000000000122e-02
6.100000000000000533e+00,-2.000000000000000000e+00,-1.697000000000000064e+00,-2.599999999999999881e-02,-1.499999999999999944e-02
6.200000000000000178e+00,-2.000000000000000000e+00,-1.858000000000000096e+00,-2.199999999999999872e-02,-1.799999999999999864e-02
6.300000000000000711e+00,-2.000000000000000000e+00,-1.929999999999999938e+00,-2.199999999999999872e-02,-1.799999999999999864e-02
6.400000000000000355e+00,-2.000000000000000000e+00,-1.816000000000000059e+00,-3.200000000000000067e-02,-1.700000000000000122e-02
6.500000000000000000e+00,-2.000000000000000000e+00,-2.008000000000000007e+00,-2.100000000000000130e-02,-1.799999999999999864e-02
6.600000000000000533e+00,-2.000000000000000000e+00,-2.052999999999999936e+00,-2.000000000000000042e-02,-1.899999999999999953e-02
6.700000000000000178e+00,-2.000000000000000000e+00,-1.971999999999999975e+00,-2.599999999999999881e-02,-1.799999999999999864e-02
6.800000000000000711e+00,-2.000000000000000000e+00,-1.915000000000000036e+00,-2.900000000000000147e-02,-1.700000000000000122e-02
6.900000000000000355e+00,-2.000000000000000000e+00,-1.979000000000000092e+00,-2.500000000000000139e-02,-1.700000000000000122e-02
7.000000000000000000e+00,-2.000000000000000000e+00,-2.035000000000000142e+00,-2.400000000000000050e-02,-1.799999999999999864e-02
7.100000000000000533e+00,-2.000000000000000000e+00,-1.935000000000000053e+00,-3.099999999999999978e-02,-1.799999999999999864e-02
7.200000000000000178e+00,-2.000000000000000000e+00,-1.887000000000000011e+00,-3.400000000000000244e-02,-1.600000000000000033e-02
7.300000000000000711e+00,-2.000000000000000000e+00,-2.027000000000000135e+00,-2.500000000000000139e-02,-1.799999999999999864e-02
7.400000000000000355e+00,-2.000000000000000000e+00,-2.065999999999999837e+00,-2.400000000000000050e-02,-1.899999999999999953e-02
7.500000000000000000e+00,-2.000000000000000000e+00,-1.977000000000000091e+00,-2.999999999999999889e-02,-1.799999999999999864e-02
7.600000000000000533e+00,-2.000000000000000000e+00,-1.923000000000000043e+00,-3.300000000000000155e-02,-1.600000000000000033e-02
7.700000000000000178e+00,-2.000000000000000000e+00,-1.957999999999999963e+00,-3.099999999999999978e-02,-1.600000000000000033e-02
7.800000000000000711e+00,-2.000000000000000000e+00,-2.008999999999999897e+00,-2.999999999999999889e-02,-1.799999999999999864e-02
7.900000000000000355e+00,-2.000000000000000000e+00,-1.943000000000000060e+00,-3.500000000000000333e-02,-1.899999999999999953e-02
8.000000000000000000e+00,2.000000000000000000e+00,-1.967000000000000082e+00,2.469999999999999973e-01,-1.799999999999999864e-02
8.099999999999999645e+00,2.000000000000000000e+00,1.659000000000000030e+00,2.500000000000000139e-02,1.499999999999999944e-02
8.200000000000001066e+00,2.000000000000000000e+00,1.836999999999999966e+00,2.400000000000000050e-02,1.700000000000000122e-02
8.300000000000000711e+00,2.000000000000000000e+00,1.822999999999999954e+00,2.999999999999999889e-02,1.600000000000000033e-02
8.400000000000000355e+00,2.000000000000000000e+00,1.897000000000000020e+00,2.699999999999999969e-02,1.600000000000000033e-02
8.500000000000000000e+00,2.000000000000000000e+00,2.059000000000000163e+00,1.899999999999999953e-02,1.799999999999999864e-02
8.599999999999999645e+00,2.000000000000000000e+00,1.973999999999999977e+00,2.500000000000000139e-02,1.799999999999999864e-02
8.700000000000001066e+00,2.000000000000000000e+00,1.893000000000000016e+00,3.099999999999999978e-02,1.799999999999999864e-02
8.800000000000000711e+00,2.000000000000000000e+00,1.953000000000000069e+00,2.699999999999999969e-02,1.700000000000000122e-02
8.900000000000000355e+00,2.000000000000000000e+00,2.047000000000000153e+00,2.299999999999999961e-02,1.799999999999999864e-02
9.000000000000000000e+00,2.000000000000000000e+00,2.031000000000000139e+00,2.500000000000000139e-02,1.899999999999999953e-02
9.099999999999999645e+00,2.000000000000000000e+00,1.909999999999999920e+00,3.200000000000000067e-02,1.799999999999999864e-02
9.200000000000001066e+00,2.000000000000000000e+00,1.975000000000000089e+00,2.800000000000000058e-02,1.799999999999999864e-02
9.300000000000000711e+00,2.000000000000000000e+00,2.080000000000000071e+00,2.199999999999999872e-02,1.899999999999999953e-02
9.400000000000000355e+00,2.000000000000000000e+00,1.981999999999999984e+00,2.900000000000000147e-02,1.899999999999999953e-02
9.500000000000000000e+00,2.000000000000000000e+00,1.877000000000000002e+00,3.500000000000000333e-02,1.799999999999999864e-02
9.600000000000001421e+00,2.000000000000000000e+00,1.963999999999999968e+00,2.800000000000000058e-02,1.799999999999999864e-02
9.700000000000001066e+00,2.000000000000000000e+00,2.044999999999999929e+00,2.400000000000000050e-02,1.899999999999999953e-02
9.800000000000000711e+00,2.000000000000000000e+00,2.056000000000000050e+00,2.400000000000000050e-02,2.000000000000000042e-02
9.900000000000000355e+00,2.000000000000000000e+00,1.955000000000000071e+00,2.999999999999999889e-02,1.799999999999999864e-02
1.000000000000000000e+01,-2.000000000000000000e+00,1.977999999999999980e+00,-2.510000000000000009e-01,1.700000000000000122e-02
1.010000000000000142e+01,-2.000000000000000000e+00,-1.705000000000000071e+00,-2.599999999999999881e-02,-1.400000000000000029e-02
1.020000000000000107e+01,-2.000000000000000000e+00,-1.846000000000000085e+00,-2.299999999999999961e-02,-1.700000000000000122e-02
1.030000000000000071e+01,-2.000000000000000000e+00,-1.911999999999999922e+00,-2.400000000000000050e-02,-1.799999999999999864e-02
1.040000000000000036e+01,-2.000000000000000000e+00,-1.846999999999999975e+00,-2.999999999999999889e-02,-1.700000000000000122e-02
1.050000000000000000e+01,-2.000000000000000000e+00,-2.039000000000000146e+00,-1.899999999999999953e-02,-1.799999999999999864e-02
1.060000000000000142e+01,-2.000000000000000000e+00,-2.047000000000000153e+00,-2.000000000000000042e-02,-1.899999999999999953e-02
1.070000000000000107e+01,-2.000000000000000000e+00,-1.945000000000000062e+00,-2.699999999999999969e-02,-1.799999999999999864e-02
1.080000000000000071e+01,-2.000000000000000000e+00,-1.935999999999999943e+00,-2.800000000000000058e-02,-1.700000000000000122e-02
1.090000000000000036e+01,-2.000000000000000000e+00,-1.993000000000000105e+00,-2.400000000000000050e-02,-1.700000000000000122e-02
1.100000000000000000e+01,-2.000000000000000000e+00,-2.032000000000000028e+00,-2.400000000000000050e-02,-1.899999999999999953e-02
1.110000000000000142e+01,-2.000000000000000000e+00,-1.872000000000000108e+00,-3.500000000000000333e-02,-1.799999999999999864e-02
1.120000000000000107e+01,-2.000000000000000000e+00,-1.951999999999999957e+00,-2.900000000000000147e-02,-1.700000000000000122e-02
1.130000000000000071e+01,-2.000000000000000000e+00,-2.064000000000000057e+00,-2.299999999999999961e-02,-1.799999999999999864e-02
1.140000000000000036e+01,-2.000000000000000000e+00,-2.048999999999999932e+00,-2.500000000000000139e-02,-1.899999999999999953e-02
1.150000000000000000e+01,-2.000000000000000000e+00,-1.941999999999999948e+00,-3.200000000000000067e-02,-2.000000000000000042e-02
1.160000000000000142e+01,-2.000000000000000000e+00,-1.915000000000000036e+00,-3.300000000000000155e-02,-1.600000000000000033e-02
1.170000000000000107e+01,-2.000000000000000000e+00,-2.008000000000000007e+00,-2.800000000000000058e-02,-1.700000000000000122e-02
1.180000000000000071e+01,-2.000000000000000000e+00,-1.989999999999999991e+00,-2.999999999999999889e-02,-1.799999999999999864e-02
1.190000000000000036e+01,-2.000000000000000000e+00,-1.875000000000000000e+00,-4.000000000000000083e-02,-1.899999999999999953e-02
1.200000000000000000e+01,2.000000000000000000e+00,-2.012000000000000011e+00,2.500000000000000000e-01,-1.899999999999999953e-02
1.210000000000000142e+01,2.000000000000000000e+00,1.641000000000000014e+00,2.699999999999999969e-02,1.499999999999999944e-02
1.220000000000000107e+01,2.000000000000000000e+00,1.844000000000000083e+00,2.299999999999999961e-02,1.799999999999999864e-02
1.230000000000000071e+01,2.000000000000000000e+00,1.834000000000000075e+00,2.900000000000000147e-02,1.600000000000000033e-02
1.240000000000000036e+01,2.000000000000000000e+00,1.893999999999999906e+00,2.699999999999999969e-02,1.600000000000000033e-02
1.250000000000000000e+01,-2.000000000000000000e+00,2.092000000000000082e+00,-2.640000000000000124e-01,1.799999999999999864e-02
1.260000000000000142e+01,-2.000000000000000000e+00,-1.627000000000000002e+00,-3.799999999999999906e-02,-1.299999999999999940e-02
1.270000000000000107e+01,-2.000000000000000000e+00,-1.768000000000000016e+00,-3.300000000000000155e-02,-1.499999999999999944e-02
1.280000000000000071e+01,-2.000000000000000000e+00,-1.943000000000000060e+00,-2.699999999999999969e-02,-1.799999999999999864e-02
1.290000000000000036e+01,-2.000000000000000000e+00,-1.875999999999999890e+00,-3.500000000000000333e-02,-1.799999999999999864e-02
1.300000000000000000e+01,2.000000000000000000e+00,-1.929999999999999938e+00,2.479999999999999982e-01,-1.799999999999999864e-02
1.310000000000000142e+01,2.000000000000000000e+00,1.661000000000000032e+00,2.699999999999999969e-02,1.499999999999999944e-02
1.320000000000000107e+01,2.000000000000000000e+00,1.852000000000000091e+00,2.400000000000000050e-02,1.700000000000000122e-02
1.330000000000000071e+01,2.000000000000000000e+00,1.862999999999999989e+00,2.800000000000000058e-02,1.600000000000000033e-02
1.340000000000000036e+01,2.000000000000000000e+00,1.881000000000000005e+00,2.900000000000000147e-02,1.600000000000000033e-02
1.350000000000000000e+01,-2.000000000000000000e+00,2.093999999999999861e+00,-2.640000000000000124e-01,1.799999999999999864e-02
1.360000000000000142e+01,-2.000000000000000000e+00,-1.639000000000000012e+00,-3.599999999999999728e-02,-1.299999999999999940e-02
1.370000000000000107e+01,-2.000000000000000000e+00,-1.780000000000000027e+00,-3.300000000000000155e-02,-1.499999999999999944e-02
1.380000000000000071e+01,-2.000000000000000000e+00,-1.967000000000000082e+00,-2.500000000000000139e-02,-1.799999999999999864e-02
1.390000000000000036e+01,-2.000000000000000000e+00,-1.868999999999999995e+00,-3.500000000000000333e-02,-1.799999999999999864e-02
1.400000000000000000e+01,2.000000000000000000e+00,-1.921999999999999931e+00,2.469999999999999973e-01,-1.799999999999999864e-02
1.410000000000000142e+01,2.000000000000000000e+00,1.637000000000000011e+00,2.900000000000000147e-02,1.499999999999999944e-02
1.420000000000000107e+01,2.000000000000000000e+00,1.881999999999999895e+00,2.199999999999999872e-02,1.700000000000000122e-02
1.430000000000000071e+01,2.000000000000000000e+00,1.804000000000000048e+00,3.200000000000000067e-02,1.600000000000000033e-02
1.440000000000000036e+01,2.000000000000000000e+00,1.899000000000000021e+00,2.699999999999999969e-02,1.600000000000000033e-02
1.450000000000000000e+01,-2.000000000000000000e+00,2.072000000000000064e+00,-2.620000000000000107e-01,1.799999999999999864e-02
1.460000000000000142e+01,-2.000000000000000000e+00,-1.639999999999999902e+00,-3.599999999999999728e-02,-1.299999999999999940e-02
1.470000000000000107e+01,-2.000000000000000000e+00,-1.762000000000000011e+00,-3.400000000000000244e-02,-1.499999999999999944e-02
1.480000000000000071e+01,-2.000000000000000000e+00,-1.937000000000000055e+00,-2.699999999999999969e-02,-1.799999999999999864e-02
1.490000000000000036e+01,-2.000000000000000000e+00,-1.860999999999999988e+00,-3.599999999999999728e-02,-1.799999999999999864e-02
1.500000000000000000e+01,2.000000000000000000e+00,-1.935999999999999943e+00,2.479999999999999982e-01,-1.799999999999999864e-02
1.510000000000000142e+01,2.000000000000000000e+00,1.643999999999999906e+00,2.900000000000000147e-02,1.499999999999999944e-02
1.520000000000000107e+01,2.000000000000000000e+00,1.838999999999999968e+00,2.500000000000000139e-02,1.700000000000000122e-02
1.530000000000000071e+01,2.000000000000000000e+00,1.844000000000000083e+00,2.900000000000000147e-02,1.700000000000000122e-02
1.540000000000000036e+01,2.000000000000000000e+00,1.899000000000000021e+00,2.699999999999999969e-02,1.600000000000000033e-02
1.550000000000000000e+01,-2.000000000000000000e+00,2.061999999999999833e+00,-2.610000000000000098e-01,1.799999999999999864e-02
1.560000000000000142e+01,-2.000000000000000000e+00,-1.643999999999999906e+00,-3.599999999999999728e-02,-1.299999999999999940e-02
1.570000000000000107e+01,-2.000000000000000000e+00,-1.764000000000000012e+00,-3.300000000000000155e-02,-1.499999999999999944e-02
1.580000000000000071e+01,-2.000000000000000000e+00,-1.945000000000000062e+00,-2.599999999999999881e-02,-1.799999999999999864e-02
1.590000000000000036e+01,-2.000000000000000000e+00,-1.852000000000000091e+00,-3.699999999999999817e-02,-1.799999999999999864e-02
1.600000000000000000e+01,2.000000000000000000e+00,-1.953000000000000069e+00,2.489999999999999991e-01,-1.799999999999999864e-02
1.610000000000000142e+01,2.000000000000000000e+00,1.649999999999999911e+00,2.800000000000000058e-02,1.499999999999999944e-02
1.619999999999999929e+01,2.000000000000000000e+00,1.850999999999999979e+00,2.400000000000000050e-02,1.700000000000000122e-02
1.630000000000000071e+01,2.000000000000000000e+00,1.840000000000000080e+00,2.999999999999999889e-02,1.600000000000000033e-02
1.640000000000000213e+01,2.000000000000000000e+00,1.887000000000000011e+00,2.800000000000000058e-02,1.600000000000000033e-02
1.650000000000000000e+01,-2.000000000000000000e+00,2.076999999999999957e+00,-2.620000000000000107e-01,1.799999999999999864e-02
1.660000000000000142e+01,-2.000000000000000000e+00,-1.624000000000000110e+00,-3.699999999999999817e-02,-1.299999999999999940e-02
1.669999999999999929e+01,-2.000000000000000000e+00,-1.760999999999999899e+00,-3.400000000000000244e-02,-1.499999999999999944e-02
1.680000000000000071e+01,-2.000000000000000000e+00,-1.917999999999999927e+00,-2.800000000000000058e-02,-1.799999999999999864e-02
1.690000000000000213e+01,-2.000000000000000000e+00,-1.848999999999999977e+00,-3.699999999999999817e-02,-1.799999999999999864e-02
1.700000000000000000e+01,2.000000000000000000e+00,-1.947000000000000064e+00,2.489999999999999991e-01,-1.799999999999999864e-02
1.710000000000000142e+01,2.000000000000000000e+00,1.643000000000000016e+00,2.900000000000000147e-02,1.499999999999999944e-02
1.719999999999999929e+01,2.000000000000000000e+00,1.848000000000000087e+00,2.400000000000000050e-02,1.700000000000000122e-02
1.730000000000000071e+01,2.000000000000000000e+00,1.828999999999999959e+00,2.999999999999999889e-02,1.600000000000000033e-02
1.740000000000000213e+01,2.000000000000000000e+00,1.913999999999999924e+00,2.599999999999999881e-02,1.600000000000000033e-02
1.750000000000000000e+01,-2.000000000000000000e+00,2.068999999999999950e+00,-2.620000000000000107e-01,1.799999999999999864e-02
1.760000000000000142e+01,-2.000000000000000000e+00,-1.629999999999999893e+00,-3.699999999999999817e-02,-1.299999999999999940e-02
1.769999999999999929e+01,-2.000000000000000000e+00,-1.772999999999999909e+00,-3.300000000000000155e-02,-1.499999999999999944e-02
1.780000000000000071e+01,-2.000000000000000000e+00,-1.945999999999999952e+00,-2.599999999999999881e-02,-1.799999999999999864e-02
1.790000000000000213e+01,-2.000000000000000000e+00,-1.832000000000000073e+00,-3.799999999999999906e-02,-1.799999999999999864e-02
1.800000000000000000e+01,1.000000000000000000e+00,-1.963000000000000078e+00,1.799999999999999933e-01,-1.799999999999999864e-02
1.810000000000000142e+01,1.000000000000000000e+00,7.079999999999999627e-01,1.499999999999999944e-02,6.000000000000000125e-03
1.819999999999999929e+01,1.000000000000000000e+00,5.999999999999999778e-01,3.300000000000000155e-02,5.000000000000000104e-03
1.830000000000000071e+01,1.000000000000000000e+00,7.239999999999999769e-01,3.400000000000000244e-02,6.000000000000000125e-03
1.840000000000000213e+01,1.000000000000000000e+00,1.000000000000000000e+00,2.000000000000000042e-02,8.999999999999999320e-03
1.850000000000000000e+01,1.000000000000000000e+00,9.220000000000000417e-01,2.500000000000000139e-02,8.000000000000000167e-03
1.860000000000000142e+01,1.000000000000000000e+00,9.110000000000000320e-01,2.900000000000000147e-02,8.000000000000000167e-03
1.869999999999999929e+01,1.000000000000000000e+00,1.026000000000000023e+00,2.199999999999999872e-02,8.999999999999999320e-03
1.880000000000000071e+01,-1.000000000000000000e+00,-6.229999999999999982e-01,-1.799999999999999864e-02,-5.000000000000000104e-03
1.890000000000000213e+01,-1.000000000000000000e+00,-6.770000000000000462e-01,-2.599999999999999881e-02,-5.000000000000000104e-03
1.900000000000000000e+01,-1.000000000000000000e+00,-7.620000000000000107e-01,-3.200000000000000067e-02,-6.000000000000000125e-03
1.910000000000000142e+01,-1.000000000000000000e+00,-9.409999999999999476e-01,-2.400000000000000050e-02,-8.000000000000000167e-03
1.920000000000000284e+01,-1.000000000000000000e+00,-8.599999999999999867e-01,-3.300000000000000155e-02,-8.000000000000000167e-03
1.930000000000000071e+01,-1.000000000000000000e+00,-8.349999999999999645e-01,-3.899999999999999994e-02,-8.000000000000000167e-03
1.940000000000000213e+01,-1.000000000000000000e+00,-1.058000000000000052e+00,-2.400000000000000050e-02,-1.000000000000000021e-02
1.950000000000000000e+01,1.500000000000000000e+00,-9.439999999999999503e-01,1.429999999999999882e-01,-8.000000000000000167e-03
1.960000000000000142e+01,1.500000000000000000e+00,1.116000000000000103e+00,2.299999999999999961e-02,1.099999999999999936e-02
1.970000000000000284e+01,1.500000000000000000e+00,1.110999999999999988e+00,3.699999999999999817e-02,1.099999999999999936e-02
1.980000000000000071e+01,1.500000000000000000e+00,1.370000000000000107e+00,2.400000000000000050e-02,1.299999999999999940e-02
1.990000000000000213e+01,1.500000000000000000e+00,1.368999999999999995e+00,2.900000000000000147e-02,1.200000000000000025e-02
2.000000000000000000e+01,1.500000000000000000e+00,1.518999999999999906e+00,2.100000000000000130e-02,1.299999999999999940e-02
2.010000000000000142e+01,1.500000000000000000e+00,1.433000000000000052e+00,2.800000000000000058e-02,1.200000000000000025e-02
2.020000000000000284e+01,1.500000000000000000e+00,1.481999999999999984e+00,2.400000000000000050e-02,1.299999999999999940e-02
2.030000000000000071e+01,-1.500000000000000000e+00,-1.171000000000000041e+00,-1.799999999999999864e-02,-1.000000000000000021e-02
2.040000000000000213e+01,-1.500000000000000000e+00,-1.106000000000000094e+00,-3.200000000000000067e-02,-8.999999999999999320e-03
2.050000000000000000e+01,-1.500000000000000000e+00,-1.276999999999999913e+00,-3.200000000000000067e-02,-1.000000000000000021e-02
2.060000000000000142e+01,-1.500000000000000000e+00,-1.332000000000000073e+00,-3.099999999999999978e-02,-1.099999999999999936e-02
2.070000000000000284e+01,-1.500000000000000000e+00,-1.411999999999999922e+00,-3.099999999999999978e-02,-1.200000000000000025e-02
2.080000000000000071e+01,-1.500000000000000000e+00,-1.447999999999999954e+00,-2.900000000000000147e-02,-1.299999999999999940e-02
2.090000000000000213e+01,-1.500000000000000000e+00,-1.489999999999999991e+00,-2.900000000000000147e-02,-1.400000000000000029e-02
2.100000000000000000e+01,2.000000000000000000e+00,-1.481999999999999984e+00,2.149999999999999967e-01,-1.400000000000000029e-02
2.110000000000000142e+01,2.000000000000000000e+00,1.610999999999999988e+00,2.999999999999999889e-02,1.499999999999999944e-02
2.120000000000000284e+01,2.000000000000000000e+00,1.832000000000000073e+00,2.400000000000000050e-02,1.700000000000000122e-02
2.130000000000000071e+01,2.000000000000000000e+00,1.824999999999999956e+00,2.999999999999999889e-02,1.600000000000000033e-02
2.140000000000000213e+01,2.000000000000000000e+00,1.881999999999999895e+00,2.900000000000000147e-02,1.600000000000000033e-02
2.150000000000000000e+01,2.000000000000000000e+00,2.047000000000000153e+00,2.000000000000000042e-02,1.799999999999999864e-02
2.160000000000000142e+01,2.000000000000000000e+00,2.068999999999999950e+00,2.000000000000000042e-02,1.899999999999999953e-02
2.170000000000000284e+01,2.000000000000000000e+00,1.846999999999999975e+00,3.500000000000000333e-02,1.799999999999999864e-02
2.180000000000000071e+01,-2.000000000000000000e+00,-1.508999999999999897e+00,-3.799999999999999906e-02,-1.299999999999999940e-02
2.190000000000000213e+01,-2.000000000000000000e+00,-1.860999999999999988e+00,-2.299999999999999961e-02,-1.700000000000000122e-02
2.200000000000000000e+01,-2.000000000000000000e+00,-1.844999999999999973e+00,-2.999999999999999889e-02,-1.700000000000000122e-02
2.210000000000000142e+01,-2.000000000000000000e+00,-1.838000000000000078e+00,-3.300000000000000155e-02,-1.600000000000000033e-02
2.220000000000000284e+01,-2.000000000000000000e+00,-1.995999999999999996e+00,-2.500000000000000139e-02,-1.700000000000000122e-02
2.230000000000000071e+01,-2.000000000000000000e+00,-1.973999999999999977e+00,-2.900000000000000147e-02,-1.700000000000000122e-02
2.240000000000000213e+01,-2.000000000000000000e+00,-1.844999999999999973e+00,-4.000000000000000083e-02,-1.700000000000000122e-02
2.250000000000000000e+01,2.500000000000000000e+00,-2.004000000000000004e+00,2.859999999999999765e-01,-1.899999999999999953e-02
2.260000000000000142e+01,2.500000000000000000e+00,2.186999999999999833e+00,3.099999999999999978e-02,2.000000000000000042e-02
2.270000000000000284e+01,2.500000000000000000e+00,2.321000000000000174e+00,2.800000000000000058e-02,2.100000000000000130e-02
2.280000000000000071e+01,2.500000000000000000e+00,2.435999999999999943e+00,2.400000000000000050e-02,2.100000000000000130e-02
2.290000000000000213e+01,2.500000000000000000e+00,2.528999999999999915e+00,2.100000000000000130e-02,2.199999999999999872e-02
2.300000000000000000e+01,2.500000000000000000e+00,2.531000000000000139e+00,2.199999999999999872e-02,2.500000000000000139e-02
2.310000000000000142e+01,2.500000000000000000e+00,2.556999999999999940e+00,2.199999999999999872e-02,2.299999999999999961e-02
2.320000000000000284e+01,2.500000000000000000e+00,2.564999999999999947e+00,2.199999999999999872e-02,2.299999999999999961e-02
2.330000000000000071e+01,-2.500000000000000000e+00,-2.101999999999999869e+00,-3.599999999999999728e-02,-1.799999999999999864e-02
2.340000000000000213e+01,-2.500000000000000000e+00,-2.375000000000000000e+00,-2.500000000000000139e-02,-2.000000000000000042e-02
2.350000000000000000e+01,-2.500000000000000000e+00,-2.346999999999999975e+00,-3.099999999999999978e-02,-2.199999999999999872e-02
2.360000000000000142e+01,-2.500000000000000000e+00,-2.346000000000000085e+00,-3.400000000000000244e-02,-2.199999999999999872e-02
2.370000000000000284e+01,-2.500000000000000000e+00,-2.346999999999999975e+00,-3.599999999999999728e-02,-2.000000000000000042e-02
2.380000000000000071e+01,-2.500000000000000000e+00,-2.382000000000000117e+00,-3.500000000000000333e-02,-2.100000000000000130e-02
2.390000000000000213e+01,-2.500000000000000000e+00,-2.400999999999999801e+00,-3.599999999999999728e-02,-2.299999999999999961e-02
2.400000000000000000e+01,0.000000000000000000e+00,-2.515000000000000124e+00,1.449999999999999900e-01,-2.400000000000000050e-02
2.410000000000000142e+01,1.000000000000000056e-01,9.210000000000000409e-01,-5.999999999999999778e-02,8.000000000000000167e-03
2.420000000000000284e+01,-3.990000000000000213e-01,-1.086000000000000076e+00,2.999999999999999889e-02,-8.999999999999999320e-03
2.430000000000000071e+01,8.739999999999999991e-01,1.366000000000000103e+00,-3.300000000000000155e-02,1.200000000000000025e-02
2.440000000000000213e+01,-1.439999999999999947e+00,-1.639999999999999902e+00,-5.000000000000000104e-03,-1.499999999999999944e-02
2.450000000000000000e+01,1.901999999999999913e+00,1.604000000000000092e+00,2.199999999999999872e-02,1.499999999999999944e-02
2.460000000000000142e+01,-1.943000000000000060e+00,-1.320000000000000062e+00,-5.700000000000000205e-02,-1.200000000000000025e-02
2.470000000000000284e+01,1.254999999999999893e+00,5.500000000000000444e-01,4.100000000000000172e-02,5.000000000000000104e-03
2.480000000000000071e+01,1.499999999999999944e-01,6.999999999999999556e-01,-3.899999999999999994e-02,6.000000000000000125e-03
2.490000000000000213e+01,-1.602999999999999980e+00,-1.647000000000000020e+00,-1.499999999999999944e-02,-1.499999999999999944e-02
2.500000000000000000e+01,1.901999999999999913e+00,1.318000000000000060e+00,4.000000000000000083e-02,1.200000000000000025e-02
2.510000000000000142e+01,-3.990000000000000213e-01,8.599999999999999312e-02,-3.400000000000000244e-02,0.000000000000000000e+00
2.520000000000000284e+01,-1.631999999999999895e+00,-1.610999999999999988e+00,-1.600000000000000033e-02,-1.400000000000000029e-02
2.530000000000000071e+01,1.602999999999999980e+00,9.240000000000000435e-01,4.599999999999999922e-02,8.000000000000000167e-03
2.540000000000000213e+01,8.279999999999999583e-01,1.100999999999999979e+00,-1.299999999999999940e-02,1.000000000000000021e-02
2.550000000000000000e+01,-1.901999999999999913e+00,-1.381999999999999895e+00,-4.399999999999999745e-02,-1.299999999999999940e-02
2.560000000000000142e+01,-5.939999999999999725e-01,-9.459999999999999520e-01,1.000000000000000021e-02,-8.000000000000000167e-03
2.570000000000000284e+01,1.850000000000000089e+00,1.290999999999999925e+00,4.299999999999999656e-02,1.200000000000000025e-02
2.580000000000000071e+01,1.092000000000000082e+00,1.189000000000000057e+00,2.000000000000000042e-03,1.099999999999999936e-02
2.590000000000000213e+01,-1.294000000000000039e+00,-7.580000000000000071e-01,-3.799999999999999906e-02,-7.000000000000000146e-03
2.600000000000000000e+01,-1.901999999999999913e+00,-1.651999999999999913e+00,-3.200000000000000067e-02,-1.499999999999999944e-02
2.610000000000000142e+01,-3.499999999999999778e-01,-7.169999999999999707e-01,1.099999999999999936e-02,-6.000000000000000125e-03
2.620000000000000284e+01,1.439999999999999947e+00,8.289999999999999591e-01,4.299999999999999656e-02,7.000000000000000146e-03
2.630000000000000071e+01,1.987000000000000099e+00,1.891000000000000014e+00,2.000000000000000042e-02,1.700000000000000122e-02
2.640000000000000213e+01,1.254999999999999893e+00,1.235999999999999988e+00,1.600000000000000033e-02,1.099999999999999936e-02
2.650000000000000000e+01,0.000000000000000000e+00,1.980000000000000093e-01,-2.000000000000000042e-03,1.000000000000000021e-03
2.660000000000000142e+01,-1.092000000000000082e+00,-5.570000000000000506e-01,-3.699999999999999817e-02,-5.000000000000000104e-03
2.670000000000000284e+01,-1.739999999999999991e+00,-1.489999999999999991e+00,-3.200000000000000067e-02,-1.400000000000000029e-02
2.680000000000000071e+01,-1.979999999999999982e+00,-1.725999999999999979e+00,-4.000000000000000083e-02,-1.600000000000000033e-02
2.690000000000000213e+01,-1.979999999999999982e+00,-1.951999999999999957e+00,-2.699999999999999969e-02,-1.799999999999999864e-02
2.700000000000000000e+01,-1.901999999999999913e+00,-1.959000000000000075e+00,-2.500000000000000139e-02,-1.899999999999999953e-02
2.710000000000000142e+01,-1.850000000000000089e+00,-1.725000000000000089e+00,-3.699999999999999817e-02,-1.600000000000000033e-02
2.720000000000000284e+01,-1.868000000000000105e+00,-1.729000000000000092e+00,-3.899999999999999994e-02,-1.600000000000000033e-02
2.730000000000000071e+01,-1.943000000000000060e+00,-2.055000000000000160e+00,-2.400000000000000050e-02,-1.799999999999999864e-02
2.740000000000000213e+01,-1.999000000000000110e+00,-2.016000000000000014e+00,-2.999999999999999889e-02,-1.799999999999999864e-02
2.750000000000000000e+01,-1.901999999999999913e+00,-1.925999999999999934e+00,-2.800000000000000058e-02,-1.799999999999999864e-02
2.760000000000000142e+01,-1.473999999999999977e+00,-1.612000000000000099e+00,-1.700000000000000122e-02,-1.499999999999999944e-02
2.770000000000000284e+01,-5.939999999999999725e-01,-7.409999999999999920e-01,-1.299999999999999940e-02,-6.000000000000000125e-03
2.780000000000000071e+01,6.410000000000000142e-01,2.409999999999999920e-01,1.200000000000000025e-02,1.000000000000000021e-03
2.790000000000000213e+01,1.739999999999999991e+00,1.326999999999999957e+00,2.999999999999999889e-02,1.200000000000000025e-02
2.800000000000000000e+01,1.901999999999999913e+00,1.709000000000000075e+00,2.599999999999999881e-02,1.600000000000000033e-02
2.810000000000000142e+01,6.410000000000000142e-01,9.170000000000000373e-01,-7.000000000000000146e-03,8.000000000000000167e-03
2.820000000000000284e+01,-1.294000000000000039e+00,-7.089999999999999636e-01,-4.100000000000000172e-02,-6.000000000000000125e-03
2.830000000000000071e+01,-1.929999999999999938e+00,-1.816999999999999948e+00,-2.299999999999999961e-02,-1.600000000000000033e-02
2.840000000000000213e+01,-1.499999999999999944e-01,-4.949999999999999956e-01,1.200000000000000025e-02,-4.000000000000000083e-03
2.850000000000000000e+01,1.901999999999999913e+00,1.403999999999999915e+00,3.899999999999999994e-02,1.200000000000000025e-02
2.860000000000000142e+01,8.739999999999999991e-01,1.231000000000000094e+00,-1.299999999999999940e-02,1.099999999999999936e-02
2.870000000000000284e+01,-1.764000000000000012e+00,-1.076999999999999957e+00,-5.399999999999999939e-02,-1.000000000000000021e-02
2.880000000000000071e+01,-8.279999999999999583e-01,-1.268000000000000016e+00,1.799999999999999864e-02,-1.099999999999999936e-02
2.890000000000000213e+01,1.929999999999999938e+00,1.336000000000000076e+00,4.599999999999999922e-02,1.099999999999999936e-02
2.900000000000000000e+01,0.000000000000000000e+00,6.250000000000000000e-01,-3.699999999999999817e-02,5.000000000000000104e-03
2.910000000000000142e+01,-1.868000000000000105e+00,-1.780000000000000027e+00,-1.899999999999999953e-02,-1.600000000000000033e-02
2.920000000000000284e+01,1.475000000000000089e+00,8.319999999999999618e-01,4.499999999999999833e-02,7.000000000000000146e-03
2.930000000000000071e+01,3.489999999999999769e-01,9.280000000000000471e-01,-3.099999999999999978e-02,8.000000000000000167e-03
2.940000000000000213e+01,-1.764000000000000012e+00,-1.750999999999999890e+00,-1.299999999999999940e-02,-1.600000000000000033e-02
2.950000000000000000e+01,1.901999999999999913e+00,1.189999999999999947e+00,5.600000000000000117e-02,1.099999999999999936e-02
2.960000000000000142e+01,-1.050000000000000044e+00,-2.280000000000000082e-01,-5.500000000000000028e-02,-2.000000000000000042e-03
2.970000000000000284e+01,-1.000000000000000056e-01,-8.539999999999999813e-01,4.700000000000000011e-02,-7.000000000000000146e-03
2.980000000000000071e+01,1.050000000000000044e+00,1.467000000000000082e+00,-1.600000000000000033e-02,1.299999999999999940e-02
2.990000000000000213e+01,-1.631999999999999895e+00,-1.659000000000000030e+00,-8.000000000000000167e-03,-1.499999999999999944e-02
3.000000000000000000e+01,2.000000000000000000e+00,1.610000000000000098e+00,4.000000000000000083e-02,1.499999999999999944e-02
3.010000000000000142e+01,2.000000000000000000e+00,1.917000000000000037e+00,2.299999999999999961e-02,1.799999999999999864e-02
3.020000000000000284e+01,2.000000000000000000e+00,1.973999999999999977e+00,2.299999999999999961e-02,1.799999999999999864e-02
3.030000000000000071e+01,2.000000000000000000e+00,1.883000000000000007e+00,2.999999999999999889e-02,1.700000000000000122e-02
3.040000000000000213e+01,2.000000000000000000e+00,2.011000000000000121e+00,2.299999999999999961e-02,1.799999999999999864e-02
3.050000000000000000e+01,2.000000000000000000e+00,2.056999999999999940e+00,2.100000000000000130e-02,2.100000000000000130e-02
3.060000000000000142e+01,2.000000000000000000e+00,2.011000000000000121e+00,2.500000000000000139e-02,1.899999999999999953e-02
3.070000000000000284e+01,2.000000000000000000e+00,1.935999999999999943e+00,2.800000000000000058e-02,1.700000000000000122e-02
3.080000000000000071e+01,2.000000000000000000e+00,1.973000000000000087e+00,2.500000000000000139e-02,1.799999999999999864e-02
3.090000000000000213e+01,2.000000000000000000e+00,2.044999999999999929e+00,2.299999999999999961e-02,1.899999999999999953e-02
3.100000000000000000e+01,2.000000000000000000e+00,1.985999999999999988e+00,2.599999999999999881e-02,1.799999999999999864e-02
3.110000000000000142e+01,2.000000000000000000e+00,1.937000000000000055e+00,2.900000000000000147e-02,1.600000000000000033e-02
3.120000000000000284e+01,2.000000000000000000e+00,2.008999999999999897e+00,2.400000000000000050e-02,1.799999999999999864e-02
3.130000000000000071e+01,2.000000000000000000e+00,2.067000000000000171e+00,2.100000000000000130e-02,2.100000000000000130e-02
3.140000000000000213e+01,2.000000000000000000e+00,2.032000000000000028e+00,2.500000000000000139e-02,1.799999999999999864e-02
3.150000000000000000e+01,2.000000000000000000e+00,1.879000000000000004e+00,3.400000000000000244e-02,1.700000000000000122e-02
3.160000000000000142e+01,2.000000000000000000e+00,1.939000000000000057e+00,2.900000000000000147e-02,1.700000000000000122e-02
3.170000000000000284e+01,2.000000000000000000e+00,2.072999999999999954e+00,2.199999999999999872e-02,1.899999999999999953e-02
3.180000000000000071e+01,2.000000000000000000e+00,2.005999999999999783e+00,2.699999999999999969e-02,1.799999999999999864e-02
3.190000000000000213e+01,2.000000000000000000e+00,1.889000000000000012e+00,3.400000000000000244e-02,1.700000000000000122e-02
3.200000000000000000e+01,2.000000000000000000e+00,1.955999999999999961e+00,3.099999999999999978e-02,1.799999999999999864e-02
3.210000000000000142e+01,2.000000000000000000e+00,2.083000000000000185e+00,2.500000000000000139e-02,2.100000000000000130e-02
3.220000000000000284e+01,2.000000000000000000e+00,2.040000000000000036e+00,2.800000000000000058e-02,1.899999999999999953e-02
3.230000000000000426e+01,2.000000000000000000e+00,1.895999999999999908e+00,3.500000000000000333e-02,1.799999999999999864e-02
3.239999999999999858e+01,2.000000000000000000e+00,1.997999999999999998e+00,2.800000000000000058e-02,1.799999999999999864e-02
3.250000000000000000e+01,2.000000000000000000e+00,2.052999999999999936e+00,2.500000000000000139e-02,2.000000000000000042e-02
3.260000000000000142e+01,2.000000000000000000e+00,2.012999999999999901e+00,2.800000000000000058e-02,1.799999999999999864e-02
3.270000000000000284e+01,2.000000000000000000e+00,1.953000000000000069e+00,2.999999999999999889e-02,1.600000000000000033e-02
3.280000000000000426e+01,2.000000000000000000e+00,2.017999999999999794e+00,2.599999999999999881e-02,1.799999999999999864e-02
3.289999999999999858e+01,2.000000000000000000e+00,2.056999999999999940e+00,2.400000000000000050e-02,2.000000000000000042e-02
3.300000000000000000e+01,2.000000000000000000e+00,2.048999999999999932e+00,2.599999999999999881e-02,1.899999999999999953e-02
3.310000000000000142e+01,2.000000000000000000e+00,1.887999999999999901e+00,3.599999999999999728e-02,1.700000000000000122e-02
3.320000000000000284e+01,2.000000000000000000e+00,1.929999999999999938e+00,3.300000000000000155e-02,1.799999999999999864e-02
3.330000000000000426e+01,2.000000000000000000e+00,2.085999999999999854e+00,2.299999999999999961e-02,2.000000000000000042e-02
3.339999999999999858e+01,2.000000000000000000e+00,2.008000000000000007e+00,2.900000000000000147e-02,1.799999999999999864e-02
3.350000000000000000e+01,2.000000000000000000e+00,1.899999999999999911e+00,3.500000000000000333e-02,1.700000000000000122e-02
3.360000000000000142e+01,2.000000000000000000e+00,2.055000000000000160e+00,2.500000000000000139e-02,1.899999999999999953e-02
3.370000000000000284e+01,2.000000000000000000e+00,2.161999999999999922e+00,1.600000000000000033e-02,2.100000000000000130e-02
3.380000000000000426e+01,2.000000000000000000e+00,2.096999999999999975e+00,2.000000000000000042e-02,2.000000000000000042e-02
3.389999999999999858e+01,2.000000000000000000e+00,1.937000000000000055e+00,2.900000000000000147e-02,1.700000000000000122e-02
3.400000000000000000e+01,2.000000000000000000e+00,1.885000000000000009e+00,3.200000000000000067e-02,1.700000000000000122e-02
3.410000000000000142e+01,2.000000000000000000e+00,2.020999999999999908e+00,2.599999999999999881e-02,2.000000000000000042e-02
3.420000000000000284e+01,2.000000000000000000e+00,1.991999999999999993e+00,2.900000000000000147e-02,1.799999999999999864e-02
3.430000000000000426e+01,2.000000000000000000e+00,1.903999999999999915e+00,3.500000000000000333e-02,1.600000000000000033e-02
3.439999999999999858e+01,2.000000000000000000e+00,2.048000000000000043e+00,2.400000000000000050e-02,1.799999999999999864e-02
3.450000000000000000e+01,2.000000000000000000e+00,2.120000000000000107e+00,1.899999999999999953e-02,2.000000000000000042e-02
3.460000000000000142e+01,2.000000000000000000e+00,2.083000000000000185e+00,2.199999999999999872e-02,1.899999999999999953e-02
3.470000000000000284e+01,2.000000000000000000e+00,1.915999999999999925e+00,3.200000000000000067e-02,1.700000000000000122e-02
3.480000000000000426e+01,2.000000000000000000e+00,1.931000000000000050e+00,2.999999999999999889e-02,1.700000000000000122e-02
3.489999999999999858e+01,2.000000000000000000e+00,2.033999999999999808e+00,2.500000000000000139e-02,2.000000000000000042e-02
3.500000000000000000e+01,2.000000000000000000e+00,2.043000000000000149e+00,2.500000000000000139e-02,1.899999999999999953e-02
3.510000000000000142e+01,2.000000000000000000e+00,1.895000000000000018e+00,3.400000000000000244e-02,1.700000000000000122e-02
3.520000000000000284e+01,2.000000000000000000e+00,1.977999999999999980e+00,2.800000000000000058e-02,1.799999999999999864e-02
3.530000000000000426e+01,2.000000000000000000e+00,2.079000000000000181e+00,2.199999999999999872e-02,2.000000000000000042e-02
3.539999999999999858e+01,2.000000000000000000e+00,2.048000000000000043e+00,2.500000000000000139e-02,1.899999999999999953e-02
3.550000000000000000e+01,2.000000000000000000e+00,1.939999999999999947e+00,3.099999999999999978e-02,1.700000000000000122e-02
3.560000000000000142e+01,2.000000000000000000e+00,1.925000000000000044e+00,3.200000000000000067e-02,1.799999999999999864e-02
3.570000000000000284e+01,2.000000000000000000e+00,2.039000000000000146e+00,2.500000000000000139e-02,2.000000000000000042e-02
3.580000000000000426e+01,2.000000000000000000e+00,2.056000000000000050e+00,2.500000000000000139e-02,1.799999999999999864e-02
3.589999999999999858e+01,2.000000000000000000e+00,1.895999999999999908e+00,3.500000000000000333e-02,1.600000000000000033e-02
3.600000000000000000e+01,2.000000000000000000e+00,1.975000000000000089e+00,2.800000000000000058e-02,1.700000000000000122e-02
3.610000000000000142e+01,2.000000000000000000e+00,2.080000000000000071e+00,2.299999999999999961e-02,2.000000000000000042e-02
3.620000000000000284e+01,2.000000000000000000e+00,2.041999999999999815e+00,2.800000000000000058e-02,1.899999999999999953e-02
3.630000000000000426e+01,2.000000000000000000e+00,1.881000000000000005e+00,3.799999999999999906e-02,1.700000000000000122e-02
3.639999999999999858e+01,2.000000000000000000e+00,1.921000000000000041e+00,3.599999999999999728e-02,1.799999999999999864e-02
3.650000000000000000e+01,2.000000000000000000e+00,2.079000000000000181e+00,2.500000000000000139e-02,2.000000000000000042e-02
3.660000000000000142e+01,2.000000000000000000e+00,2.047000000000000153e+00,2.800000000000000058e-02,1.899999999999999953e-02
3.670000000000000284e+01,2.000000000000000000e+00,1.909999999999999920e+00,3.500000000000000333e-02,1.700000000000000122e-02
3.680000000000000426e+01,2.000000000000000000e+00,1.995999999999999996e+00,2.900000000000000147e-02,1.799999999999999864e-02
3.689999999999999858e+01,2.000000000000000000e+00,2.149999999999999911e+00,1.700000000000000122e-02,2.000000000000000042e-02
3.700000000000000000e+01,2.000000000000000000e+00,2.107000000000000206e+00,2.000000000000000042e-02,2.000000000000000042e-02
3.710000000000000142e+01,2.000000000000000000e+00,1.969999999999999973e+00,2.800000000000000058e-02,1.799999999999999864e-02
3.720000000000000284e+01,2.000000000000000000e+00,1.901999999999999913e+00,3.200000000000000067e-02,1.799999999999999864e-02
3.730000000000000426e+01,2.000000000000000000e+00,1.985000000000000098e+00,2.800000000000000058e-02,1.899999999999999953e-02
3.739999999999999858e+01,2.000000000000000000e+00,2.037999999999999812e+00,2.699999999999999969e-02,1.799999999999999864e-02
3.750000000000000000e+01,2.000000000000000000e+00,1.883000000000000007e+00,3.699999999999999817e-02,1.600000000000000033e-02
3.760000000000000142e+01,2.000000000000000000e+00,1.959999999999999964e+00,2.900000000000000147e-02,1.799999999999999864e-02
3.770000000000000284e+01,2.000000000000000000e+00,2.085999999999999854e+00,2.100000000000000130e-02,2.100000000000000130e-02
3.780000000000000426e+01,2.000000000000000000e+00,2.095000000000000195e+00,2.000000000000000042e-02,1.899999999999999953e-02
3.789999999999999858e+01,2.000000000000000000e+00,1.943999999999999950e+00,2.999999999999999889e-02,1.700000000000000122e-02
3.800000000000000000e+01,2.000000000000000000e+00,1.941999999999999948e+00,2.999999999999999889e-02,1.799999999999999864e-02
3.810000000000000142e+01,2.000000000000000000e+00,1.995000000000000107e+00,2.599999999999999881e-02,1.899999999999999953e-02
3.820000000000000284e+01,2.000000000000000000e+00,2.047000000000000153e+00,2.500000000000000139e-02,1.899999999999999953e-02
3.830000000000000426e+01,2.000000000000000000e+00,1.923999999999999932e+00,3.300000000000000155e-02,1.700000000000000122e-02
3.840000000000000568e+01,2.000000000000000000e+00,1.927000000000000046e+00,3.300000000000000155e-02,1.700000000000000122e-02
3.850000000000000000e+01,2.000000000000000000e+00,2.097999999999999865e+00,2.199999999999999872e-02,1.899999999999999953e-02
3.860000000000000142e+01,2.000000000000000000e+00,2.096999999999999975e+00,2.299999999999999961e-02,1.899999999999999953e-02
3.870000000000000284e+01,2.000000000000000000e+00,1.973999999999999977e+00,3.099999999999999978e-02,1.799999999999999864e-02
3.880000000000000426e+01,2.000000000000000000e+00,1.941000000000000059e+00,3.300000000000000155e-02,1.799999999999999864e-02
3.890000000000000568e+01,2.000000000000000000e+00,2.037999999999999812e+00,2.699999999999999969e-02,1.899999999999999953e-02
3.900000000000000000e+01,2.000000000000000000e+00,2.071000000000000174e+00,2.400000000000000050e-02,1.799999999999999864e-02
3.910000000000000142e+01,2.000000000000000000e+00,1.923999999999999932e+00,3.300000000000000155e-02,1.600000000000000033e-02
3.920000000000000284e+01,2.000000000000000000e+00,1.929999999999999938e+00,3.099999999999999978e-02,1.700000000000000122e-02
